URL,Title,image
https://www.bristolmarine.com/locations/booth-bay/,Bristol Marine the Shipyard in Boothbay Harbor,boothbayshipyard.jpg
http://www.epifanes.com,Epifanes Yacht Coatings,epifanes_yacht_coatings.jpg
https://www.kirbypaint.com,George Kirby Jr. Paint Company,george_kirby_paint_company.jpg
http://www.cronincabinets.com,Cronin Marine,croninmarine.jpg
http://www.graycanvasworks.com,Gray Canvas Works,graycanvasworks.jpg
http://www.harbourtowneinn.com,Harbour Towne Inn - Boothbay Harbor,harbourtowneinn.jpg
http://www.jarvisnewman.us,Newman Marine Brokerage,jarvisnewman.jpg
http://www.monahansmarine.com,Monahan's Marine,monahansmarine.jpg
http://www.maineboats.com/boatshow,Maine Boat & Home Show,maineboats.jpg
http://www.scituateboatworks.com,Scituate Boat Works,scituateboatworks.jpg
http://www.parkersboatyard.com,Parker's Boatyard,parkers.jpg
https://www.yatco.com/yacht/30-bruno-stillman-sloop-1970-366919/,New Hope - Bruno & Stillman For Sale,new_hope.jpg
http://www.rwrope.com,R & W Rope,rwrope.jpg
http://www.pennyrichardsjp.com,Penny Richards - Justice of the Peace,pennyrichardsjp.jpg
http://www.balmydayscruises.com,Balmy Days Cruises,balmydayscruises.jpg
http://www.sailpowersteammuseum.org,"Sail, Power & Steam Museum",sailpowerandsteam.jpg
http://www.downeastwindjammer.com,Down East Windjammer,downeastwindjammer.jpg
https://gooseriverpress.com/fiction,Silly Seaside Stories,sillyseasidestories.jpg
http://www.schooneradventure.org,Schooner Adventure,schooneradventure.jpg
http://www.allenif.com,Allen Insurance,allenif.jpg
http://www.tradewindsmaine.com,Tradewinds Inn,tradewindsmaine.jpg
http://www.cronincabinets.com,Cronin Cabinets,cronincabinets.jpg
http://www.gambellandhunter.net,Gambel and Hunter Sailmakers,gambel_and_hunter_sailmakers.jpg
/pdf/forsale/echoforsale.pdf,ECHO - Sloop For Sale,echoforsale.jpg
http://www.mhbsailmakers.com,"M & H Bartles, Sailmakers",mhbsailmakers.jpg
http://www.fioreoliveoils.com,Fiore Olive Oils,fiore_olive_oils.jpg
https://www.squeteaguesailmakers.com/,Squeteague Sailmakers,squeteague_sailmakers.jpg
http://www.friendshipmuseum.org,Friendship Museum,friendshipmuseum.jpg
https://www.instagram.com/souwesterrigging/,Sou'wester Rigging LLC,souwester_rigging.jpg